{"assets/credentials.json":["assets/credentials.json"],"assets/icon/icon.png":["assets/icon/icon.png"],"assets/icon/icon_black.png":["assets/icon/icon_black.png"],"assets/icon/icon_color.png":["assets/icon/icon_color.png"],"assets/icon/icon_rounded.png":["assets/icon/icon_rounded.png"],"assets/icon/trakt/trakt_1.svg":["assets/icon/trakt/trakt_1.svg"],"assets/icon/trakt/trakt_2.svg":["assets/icon/trakt/trakt_2.svg"],"packages/cupertino_icons/assets/CupertinoIcons.ttf":["packages/cupertino_icons/assets/CupertinoIcons.ttf"],"packages/flutter_inappwebview/assets/t_rex_runner/t-rex.css":["packages/flutter_inappwebview/assets/t_rex_runner/t-rex.css"],"packages/flutter_inappwebview/assets/t_rex_runner/t-rex.html":["packages/flutter_inappwebview/assets/t_rex_runner/t-rex.html"],"packages/flutter_inappwebview_web/assets/web/web_support.js":["packages/flutter_inappwebview_web/assets/web/web_support.js"],"packages/media_kit/assets/web/hls1.4.10.js":["packages/media_kit/assets/web/hls1.4.10.js"],"packages/wakelock_plus/assets/no_sleep.js":["packages/wakelock_plus/assets/no_sleep.js"],"packages/youtube_player_flutter/assets/speedometer.webp":["packages/youtube_player_flutter/assets/speedometer.webp"]}